{
    "accuracy": 0.8779761904761905,
    "loss": 0.45816029648163487
}