{
    "accuracy": 0.9036458333333334,
    "loss": 0.40812404453754425
}