{
    "accuracy": 0.8307291666666666,
    "loss": 0.5934597998857498
}