{
    "accuracy": 0.8467261904761905,
    "loss": 0.44598051479884554
}