{
    "accuracy": 0.6666666666666667,
    "loss": 1.1852602830954961
}