{
    "accuracy": 0.8898809523809524,
    "loss": 0.3716735865787736
}