{
    "accuracy": 0.9226190476190476,
    "loss": 0.514420608324664
}