{
    "accuracy": 0.9107142857142857,
    "loss": 0.42436459021908896
}